"AYPY","Port Moresby Jacksons International","Port Moresby","Papua New Guinea","-9.443","147.22"
"BGJN","Jacobshavn","Jakobshavn","Greenland","69.233","-51.067"
"BGSF","Kangerlussuaq Sondre Stromfjord","Sondrestrom","Greenland","67.017","-50.689"
"BIAR","Akureyri","Akureyri","Iceland","65.66","-18.072"
"BIKF","Keflavik Nas","Keflavik","Iceland","63.985","-22.606"
"BIRK","Reykjavik","Reykjavik","Iceland","64.13","-21.941"
"CYEG","Edmonton International","Edmonton","Canada","53.31","-113.58"
"CYHM","Hamilton","Hamilton","Canada","43.173","-79.935"
"CYHZ","Halifax International","Halifax","Canada","44.881","-63.509"
"CYLW","Kelowna","Kelowna","Canada","49.956","-119.378"
"CYOW","Ottawa Macdonald Cartier International","Ottawa","Canada","45.323","-75.669"
"CYQB","Quebec Jean Lesage International","Quebec","Canada","46.788","-71.398"
"CYQM","Greater Moncton International","Moncton","Canada","46.112","-64.679"
"CYQR","Regina International","Regina","Canada","50.432","-104.666"
"CYUL","Montreal International Dorval","Montreal","Canada","45.468","-73.741"
"CYVR","Vancouver International","Vancouver","Canada","49.195","-123.182"
"CYWG","Winnipeg International","Winnipeg","Canada","49.91","-97.234"
"CYXE","Saskatoon J G Diefenbaker International","Saskatoon","Canada","52.171","-106.7"
"CYXU","London","London","Canada","43.036","-81.154"
"CYXY","Whitehorse International","Whitehorse","Canada","60.709","-135.068"
"CYYC","Calgary International","Calgary","Canada","51.114","-114.02"
"CYYJ","Victoria International","Victoria","Canada","48.647","-123.426"
"CYYT","St Johns International","St. John's","Canada","47.619","-52.752"
"CYYZ","Lester B Pearson International","Toronto","Canada","43.677","-79.631"
"DAAE","Soummam","Bejaja","Algeria","36.712","5.07"
"DAAT","Tamanrasset","Tamanrasset","Algeria","22.811","5.451"
"DABB","Annaba","Annaba","Algeria","36.822","7.809"
"DAOO","Es Senia","Oran","Algeria","35.624","-0.621"
"DAUA","Touat Cheikh Sidi Mohamed Belkebir","Adrar","Algeria","27.837","-0.186"
"DAUH","Oued Irara","Hassi Messaoud","Algeria","31.673","6.14"
"DBBB","Cotonou Cadjehoun","Cotonou","Benin","6.357","2.384"
"DFOO","Bobo Dioulasso","Bobo Dioulasso","Burkina Faso","11.16","-4.331"
"DGAA","Kotoka International","Accra","Ghana","5.603","-0.168"
"DGCY","Conakry","Conakry","Ghana","0.0","0.0"
"DIAP","Abidjan Felix Houphouet Boigny International","Abidjan","Ivory Coast","5.26","-3.926"
"DNAA","Abuja Nnamdi Azikiwe International","Abuja","Nigeria","9.007","7.263"
"DNEN","Enugu","Enugu","Nigeria","6.474","7.562"
"DNMM","Lagos Murtala Muhammed","Lagos","Nigeria","6.577","3.321"
"DRRN","Diori Hamani","Niamey","Niger","13.481","2.184"
"DTMB","Habib Bourguiba International","Monastir","Tunisia","35.758","10.755"
"DTTA","Carthage","Tunis","Tunisia","36.851","10.227"
"DTTJ","Zarzis","Djerba","Tunisia","33.875","10.775"
"DXXX","Lome Tokoin","Lome","Togo","6.166","1.254"
"EBAW","Deurne","Antwerp","Belgium","51.19","4.463"
"EBCI","Brussels South","Charleroi","Belgium","50.459","4.454"
"EBOS","Oostende","Ostend","Belgium","51.199","2.862"
"EDDF","Frankfurt Main","Frankfurt","Germany","50.026","8.543"
"EDDH","Hamburg","Hamburg","Germany","53.63","9.988"
"EDDK","Koln Bonn","Cologne","Germany","50.866","7.143"
"EDDL","Dusseldorf","Duesseldorf","Germany","51.289","6.767"
"EDDM","Munich","Munich","Germany","48.354","11.786"
"EDDN","Nurnberg","Nuernberg","Germany","49.499","11.078"
"EDDP","Leipzig Halle","Leipzig","Germany","51.424","12.236"
"EDDS","Stuttgart","Stuttgart","Germany","48.69","9.222"
"EDDV","Hannover","Hannover","Germany","52.461","9.685"
"EDDW","Bremen","Bremen","Germany","53.047","8.787"
"EDFH","Frankfurt Hahn","Hahn","Germany","49.95","7.264"
"EDHL","Lubeck Blankensee","Luebeck","Germany","53.805","10.719"
"EDLW","Dortmund","Dortmund","Germany","51.518","7.612"
"EDNY","Friedrichshafen","Friedrichshafen","Germany","47.671","9.511"
"ULTT","Tallinn","Tallinn","Estonia","0.0","0.0"
"EFHK","Helsinki Vantaa","Helsinki","Finland","60.32","24.956"
"EFKS","Kuusamo","Kuusamo","Finland","65.987","29.239"
"EFKT","Kittila","Kittila","Finland","67.701","24.847"
"EFKU","Kuopio","Kuopio","Finland","63.007","27.798"
"EFLP","Lappeenranta","Lappeenranta","Finland","61.044","28.144"
"EFMA","Mariehamn","Mariehamn","Finland","60.122","19.898"
"EFOU","Oulu","Oulu","Finland","64.93","25.354"
"EFRO","Rovaniemi","Rovaniemi","Finland","66.565","25.83"
"EFTP","Tampere Pirkkala","Tampere","Finland","61.414","23.604"
"EFTU","Turku","Turku","Finland","60.514","22.263"
"EFVA","Vaasa","Vaasa","Finland","63.051","21.761"
"EGAA","Aldergrove","Belfast","North Ireland","54.657","-6.216"
"EGAC","City","Belfast","North Ireland","54.618","-5.873"
"EGAE","Londonderry Eglinton","Londonderry","North Ireland","55.043","-7.161"
"EGBB","Birmingham","Birmingham","England","52.454","-1.748"
"EGCC","Manchester","Manchester","England","53.354","-2.275"
"EGDG","St Mawgan","Newquai","England","50.441","-4.995"
"EGFF","Cardiff","Cardiff","Wales","51.397","-3.343"
"EGGD","Bristol","Bristol","England","51.383","-2.719"
"EGLL","Heathrow","London","Engalnd","51.477","-0.461"
"EGGP","Liverpool","Liverpool","England","53.334","-2.85"
"EGGW","Luton","London","England","51.874","-0.368"
"EGHH","Bournemouth","Bournemouth","England","50.78","-1.843"
"EGHI","Southampton","Southampton","England","50.95","-1.357"
"EGJA","Alderney","Alderney","England","0.0","0.0"
"EGJJ","Jersey","Jersey","England","49.208","-2.195"
"EGKK","Gatwick","London","England","51.148","-0.19"
"EGLC","City","London","England","51.505","0.054"
"EGMC","Southend","Southend","England","51.571","0.696"
"EGNM","Leeds Bradford","Leeds","England","53.866","-1.661"
"EGNS","Isle Of Man","Isle Of Man","England","54.083","-4.624"
"EGNT","Newcastle","Newcastle","England","55.038","-1.692"
"EGNV","Teesside","Teesside","England","54.509","-1.429"
"EGNX","East Midlands","East Midlands","England","52.831","-1.328"
"EGPD","Dyce","Aberdeen","Uk","57.204","-2.2"
"EGPE","Inverness","Inverness","Uk","57.54","-4.05"
"EGPF","Glasgow","Glasgow","Uk","55.872","-4.433"
"EGPH","Edinburgh","Edinburgh","Uk","55.95","-3.373"
"EGPK","Prestwick","Prestwick","Uk","55.508","-4.587"
"EGSH","Norwich","Norwich","England","52.676","1.283"
"EGSS","Stansted","London","England","51.885","0.235"
"EGTE","Exeter","Exeter","England","50.734","-3.414"
"EGYP","Mount Pleasant","Mount Pleasant","Falkland Islands","-51.823","-58.447"
"EHAM","Schiphol","Amsterdam","Netherlands","52.309","4.764"
"EHBK","Maastricht","Maastricht","Netherlands","50.911","5.77"
"EHEH","Eindhoven","Eindhoven","Netherlands","51.45","5.374"
"EHGG","Eelde","Groningen","Netherlands","53.119","6.579"
"EICK","Cork","Cork","Ireland","51.843","-8.492"
"EIDW","Dublin","Dublin","Ireland","53.421","-6.27"
"EIKN","Connaught","Connaught","Ireland","53.91","-8.818"
"EIKY","Kerry","Kerry","Ireland","52.181","-9.524"
"EKAH","Aarhus","Aarhus","Denmark","56.304","10.619"
"EKBI","Billund","Billund","Denmark","55.74","9.152"
"EKCH","Kastrup","Copenhagen","Denmark","55.618","12.656"
"EKVG","Vagar","Vagar","Faroe Isl.","62.064","-7.277"
"EKYT","Aalborg","Aalborg","Denmark","57.093","9.849"
"ELLX","Findel International Airport","Luxemburg","Luxemburg","49.626","6.211"
"ENAL","Vigra","Alesund","Norway","62.56","6.11"
"ENBO","Bodo","Bodoe","Norway","67.269","14.363"
"ENBR","Bergen Flesland","Bergen","Norway","60.293","5.218"
"ENCN","Kristiansand Kjevik","Kristiansand","Norway","58.204","8.085"
"ENGM","Oslo Gardermoen","Oslo","Norway","60.194","11.1"
"ENHD","Haugesund Karmoy","Haugesund","Norway","59.345","5.208"
"ENKB","Kristiansund Kvernberget","Kristiansund","Norway","63.112","7.824"
"ENTC","Tromso","Tromso","Norway","69.683","18.919"
"ENTO","Torp","Torp","Norway","59.187","10.259"
"ENVA","Trondheim Vaernes","Trondheim","Norway","63.458","10.94"
"ENZV","Stavanger Sola","Stavanger","Norway","58.877","5.638"
"EPKT","Pyrzowice","Katowice","Poland","50.474","19.08"
"EPPO","Lawica","Poznan","Poland","52.421","16.826"
"EPSC","Goleniow","Szczechin","Poland","53.585","14.902"
"ESGG","Landvetter","Gothenborg","Sweden","57.663","12.28"
"ESKN","Skavsta","Stockholm","Sweden","58.789","16.912"
"ESMS","Sturup","Malmoe","Sweden","55.53","13.371"
"ESMX","Kronoberg","Vaxjo","Sweden","56.929","14.728"
"ESNN","Sundsvall Harnosand","Sundsvall","Sweden","62.528","17.444"
"ESNU","Umea","Umea","Sweden","63.792","20.282"
"ESOW","Vasteras","Vasteras","Sweden","59.589","16.634"
"ESPA","Kallax","Lulea","Sweden","65.544","22.122"
"ESPC","Froson","Ostersund","Sweden","63.194","14.502"
"ESSA","Arlanda","Stockholm","Sweden","59.652","17.919"
"ESSB","Bromma","Stockholm","Sweden","59.354","17.941"
"ESSP","Kungsangen","Norrkoeping","Sweden","58.586","16.251"
"ESSV","Visby","Visby","Sweden","57.663","18.346"
"FACT","Cape Town International","Cape Town","South Africa","-33.965","18.602"
"FAEL","East London","East London","South Africa","-33.036","27.826"
"FAJS","Johannesburg International","Johannesburg","South Africa","-26.139","28.246"
"FALA","Lanseria","Johannesburg","South Africa","-25.938","27.926"
"FAWE","Windhoek","Windhoek","Namibia","0.0","0.0"
"FBFT","Francistown","Francistown","Botswana","-21.159","27.474"
"FBSK","Sir Seretse Khama International","Gaberone","Botswana","-24.555","25.918"
"FCBB","Brazzaville Maya Maya","Brazzaville","Congo","-4.252","15.253"
"FEFF","Bangui M Poko","Bangui","Central African Rep.","4.398","18.519"
"FGSL","Malabo","Malabo","Equatorial Guinea","3.755","8.709"
"FIMP","Sir Seewoosagur Ramgoolam International","Plaisance","Mauritius","-20.43","57.683"
"FKKD","Douala","Douala","Cameroon","4.006","9.719"
"FLLI","Livingstone","Livingstone","Zambia","-17.822","25.822"
"FLND","Ndola","Ndola","Zambia","-12.998","28.665"
"FMCH","Moroni Hahaia","Moroni","Comoros Islands","-11.534","43.272"
"FMCZ","Dzaoudzi Pamanzi","Dzaoudzi","Mayotte Island","-12.805","45.281"
"FMEE","St Denis Gillot","St. Denis","Reunion Island","-20.887","55.51"
"FMMI","Antananarivo Ivato","Antananarivo","Madagascar","-18.797","47.479"
"FMMT","Toamasina","Toamasina","Madagascar","-18.109","49.392"
"FMNM","Mahajanga Philibert Tsiranana","Mahajanga","Madagascar","-15.667","46.352"
"FMST","Toliara","Toliara","Madagascar","-23.383","43.728"
"FNLU","Luanda 4 De Fevereiro","Luanda","Angola","-8.858","13.231"
"FOOG","Port Gentil","Port Gentil","Gabon","-0.712","8.754"
"FOON","Franceville Mvengue","Franceville","Gabon","-1.656","13.438"
"FPST","Sao Tome International","Sao Tome","Sao Tome & Principe","0.378","6.712"
"FQIN","Inhambane","Inhambane","Mozambique","-23.876","35.408"
"FQMA","Maputo","Maputo","Mozambique","-25.921","32.573"
"FQPB","Pemba","Pemba","Mozambique","-12.987","40.522"
"FQVL","Vilankulo","Vilankulu","Mozambique","-22.018","35.313"
"FSIA","Seychelles International","Mahe","Seychelles","-4.674","55.522"
"FTTJ","Ndjamena","N'djamena","Chad","12.134","15.034"
"FVBU","Joshua Mqabuko Nkomo International","Bulawayo","Zimbabwe","-20.017","28.618"
"FVHA","Harare International","Harare","Zimbabwe","-17.932","31.093"
"FWCL","Chileka International","Blantyre","Malawi","-15.679","34.974"
"FXMM","Moshoeshoe I International","Maseru","Lesotho","-29.462","27.553"
"FZIA","Kisangani Simisini","Kisangani","Zaire","0.518","25.155"
"FZNA","Goma","Goma","Zaire","-1.671","29.238"
"GABS","Bamako Senou","Bamako","Mali","12.533","-7.95"
"GBYD","Banjul International","Banjul","Gambia","13.338","-16.652"
"GCLA","La Palma","Santa Cruz De La Palma","Spain","28.626","-17.756"
"GCLP","Gran Canaria","Gran Canaria","Canary Islands","27.932","-15.386"
"GCRR","Lanzarote","Lanzerote","Canary Islands","28.945","-13.605"
"GCTS","Tenerife Sur","Tenerife","Canary Islands","28.044","-16.572"
"GCXO","Tenerife Norte","Tenerife","Canary Islands","28.482","-16.341"
"GFLL","Freetown Lungi","Freetown","Sierra Leone","8.616","-13.195"
"GLRB","Monrovia Roberts International","Monrovia","Liberia","6.234","-10.362"
"GMAA","Inezgane","Agadir","Morocco","30.381","-9.546"
"GMFF","Saiss","Fez","Morocco","33.927","-4.978"
"GMME","Sale","Rabat","Morocco","34.051","-6.751"
"GMTN","Saniat Rmel","Tetouan","Morocco","35.594","-5.32"
"GOOY","Leopold Sedar Senghor International","Dakar","Senegal","14.739","-17.49"
"GQNN","Nouakchott","Nouakschott","Mauritania","18.098","-15.948"
"GVBA","Rabil","Boa Vista","Cape Verde Islands","16.137","-22.889"
"GVPR","Praia","Praia","Cape Verde Islands","0.0","0.0"
"HAAB","Bole International","Addis Ababa","Ethiopia","8.977","38.8"
"HAAY","Asmara","Asmara","Ethiopia","0.0","0.0"
"HBBA","Bujumbura International","Bujumbura","Burundi","-3.324","29.318"
"HCMK","Kisimayu","Kismayu","Somalia","-0.377","42.459"
"HECA","Cairo International","Cairo","Egypt","30.122","31.406"
"HELX","Luxor International","Luxor","Egypt","25.671","32.706"
"HEMM","Mersa Matruh","Mersa Matruh","Egypt","31.325","27.222"
"HFFF","Djibouti","Djibouti","Djibouti","0.0","0.0"
"HKEL","Eldoret International","Eldoret","Kenya","0.404","35.238"
"HKKI","Kisumu","Kisumu","Kenya","-0.086","34.729"
"HLLB","Benina","Benghazi","Libya","32.097","20.269"
"HLLT","Tripoli International","Tripoli","Libya","32.663","13.159"
"HRYR","Kigali International","Kigali","Rwanda","-1.969","30.139"
"HSSJ","Juba","Juba","Sudan","4.872","31.601"
"HSSS","Khartoum","Khartoum","Sudan","15.589","32.553"
"HTAR","Arusha","Arusha","Tanzania","-3.368","36.633"
"HTKJ","Kilimanjaro International","Kilimanjaro","Tanzania","-3.429","37.074"
"HTZA","Zanzibar","Zanzibar","Tanzania","-6.222","39.225"
"HUAR","Arua","Arua","Uganda","0.0","0.0"
"KIKR","Albuquerque International Sunport","Kirtland A.f.b.","Usa","35.04","-106.609"
"KALB","Albany International","Albany","Usa","42.748","-73.803"
"KATL","The William B Hartsfield Atlanta International","Atlanta","Usa","33.64","-84.427"
"KBDL","Bradley International","Windsor Locks","Usa","41.939","-72.683"
"KBNA","Nashville International","Nashville","Usa","36.124","-86.678"
"KBOI","Boise Air Terminal","Boise","Usa","43.564","-116.223"
"KBOS","General Edward Lawrence Logan International","Boston","Usa","42.364","-71.005"
"KBUF","Buffalo Niagara International","Buffalo","Usa","42.94","-78.732"
"KBWI","Baltimore Washington International","Baltimore","Usa","39.175","-76.668"
"KCLE","Cleveland Hopkins International","Cleveland","Usa","41.412","-81.85"
"KCLT","Charlotte Douglas International","Charlotte","Usa","35.214","-80.943"
"KCMH","Port Columbus International","Columbus","Usa","39.998","-82.892"
"KCVG","Cincinnati Northern Kentucky International","Cincinnati","Usa","39.046","-84.662"
"KDAY","James M Cox Dayton International","Dayton","Usa","39.902","-84.219"
"KDCA","Ronald Reagan Washington National","Washington","Usa","38.852","-77.037"
"KDEN","Denver International","Denver","Usa","39.858","-104.667"
"KDSM","Des Moines International","Des Moines","Usa","41.534","-93.663"
"KDTW","Detroit Metro Wayne Co","Detroit","Usa","42.212","-83.353"
"KELP","El Paso International","El Paso","Usa","31.807","-106.378"
"KEWR","Newark Liberty International","Newark","Usa","40.692","-74.169"
"KFAT","Fresno Yosemite International","Fresno","Usa","36.776","-119.718"
"KFLL","Fort Lauderdale Hollywood International","Fort Lauderdale","Usa","26.072","-80.153"
"KGEG","Spokane International","Spokane","Usa","47.62","-117.534"
"KGRB","Austin Straubel International","Green Bay","Usa","44.485","-88.129"
"KGRR","Gerald R Ford International","Grand Rapids","Usa","42.881","-85.523"
"KHOU","William P Hobby","Houston","Usa","29.645","-95.279"
"KIAD","Washington Dulles International","Washington","Usa","38.944","-77.456"
"KIAH","George Bush Intcntl Houston","Houston","Usa","29.98","-95.34"
"KILM","Wilmington International","Wilmington","Usa","34.271","-77.903"
"KJAX","Jacksonville International","Jacksonville","Usa","30.494","-81.688"
"KJFK","John F Kennedy International","New York","Usa","40.64","-73.779"
"KLAN","Capital City","Lansing","Usa","42.779","-84.587"
"KLAS","Mc Carran International","Las Vegas","Usa","36.08","-115.152"
"KLAX","Los Angeles International","Los Angeles","Usa","33.942","-118.408"
"KLGA","La Guardia","New York","Usa","40.777","-73.872"
"KLIT","Adams Fld","Little Rock","Usa","34.729","-92.224"
"KMCO","Orlando International","Orlando","Usa","28.429","-81.316"
"KMIA","Miami International","Miami","Usa","25.793","-80.291"
"KMSP","Minneapolis St Paul International","Minneapolis","Usa","44.88","-93.217"
"KMSY","Louis Armstrong New Orleans International","New Orleans","Usa","29.993","-90.258"
"KMYR","Myrtle Beach International","Myrtle Beach","Usa","33.68","-78.928"
"KNBC","Beaufort Mcas","Beaufort","Usa","32.477","-80.723"
"KNRJ","Sanford","Sanford","Usa","0.0","0.0"
"KOAK","Metropolitan Oakland International","Oakland","Usa","37.721","-122.221"
"KOKC","Will Rogers World","Oklahoma City","Usa","35.393","-97.601"
"KOMA","Eppley Afld","Omaha","Usa","41.302","-95.894"
"KONT","Ontario International","Ontario","Usa","34.056","-117.601"
"KORD","Chicago Ohare International","Chicago","Usa","41.979","-87.904"
"KORF","Norfolk International","Norfolk","Usa","36.894","-76.201"
"KPAE","Snohomish Co","Everett","Usa","47.906","-122.281"
"KPBI","Palm Beach International","West Palm Beach","Usa","26.683","-80.096"
"KPDX","Portland International","Portland","Usa","45.589","-122.597"
"KPHL","Philadelphia International","Philadelphia","Usa","39.872","-75.241"
"KPHX","Phoenix Sky Harbor International","Phoenix","Usa","33.434","-112.008"
"KPIE","St Petersburg Clearwater International","St. Petersburg","Usa","27.911","-82.687"
"KPIT","Pittsburgh International","Pittsburgh (pennsylva)","Usa","40.491","-80.233"
"KPNS","Pensacola Rgnl","Pensacola","Usa","30.473","-87.187"
"KPSP","Palm Springs International","Palm Springs","Usa","33.829","-116.507"
"KPVD","Theodore Francis Green State","Providence","Usa","41.724","-71.428"
"KPWM","Portland International Jetport","Portland","Usa","43.646","-70.309"
"KRDU","Raleigh Durham International","Raleigh Durham","Usa","35.877","-78.787"
"KRIC","Richmond International","Richmond","Usa","37.505","-77.319"
"KRNO","Reno Tahoe International","Reno","Usa","39.498","-119.768"
"KROC","Greater Rochester International","Rochester","Usa","43.119","-77.672"
"KRSW","Southwest Florida International","Fort Myers","Usa","26.536","-81.755"
"KSAN","San Diego International Lindbergh Fld","San Diego","Usa","32.733","-117.189"
"KSAT","San Antonio International","San Antonio","Usa","29.534","-98.47"
"KSAV","Savannah Hilton Head International","Savannah","Usa","32.127","-81.202"
"KSEA","Seattle Tacoma International","Seattle","Usa","47.449","-122.309"
"KSFO","San Francisco International","San Francisco","Usa","37.619","-122.375"
"KSJC","Norman Y Mineta San Jose International","San Jose","Usa","37.362","-121.929"
"KSLC","Salt Lake City International","Salt Lake City","Usa","40.788","-111.978"
"KSNA","John Wayne Arpt Orange Co","Santa Ana","Usa","33.676","-117.868"
"KSTL","Lambert St Louis International","St. Louis","Usa","38.748","-90.36"
"KSWF","Stewart International","Newburgh","Usa","41.504","-74.105"
"KSYR","Syracuse Hancock International","Syracuse","Usa","43.111","-76.106"
"LATI","Tirana Rinas","Tirana","Albania","41.415","19.721"
"LBBG","Burgas","Bourgas","Bulgaria","42.569","27.514"
"LBSF","Sofia","Sofia","Bulgaria","42.695","23.406"
"LCLK","Larnaca","Larnaca","Cyprus","34.875","33.625"
"LDPL","Pula","Pula","Croatia","44.893","13.922"
"LDSP","Split","Split","Croatia","43.539","16.298"
"LDZA","Zagreb","Zagreb","Croatia","45.743","16.069"
"LEAL","Alicante","Alicante","Spain","38.282","-0.558"
"LEAM","Almeria","Almeria","Spain","36.844","-2.37"
"LEAS","Asturias","Aviles","Spain","43.563","-6.034"
"LEBB","Bilbao","Bilbao","Spain","43.301","-2.911"
"LEBL","Barcelona","Barcelona","Spain","41.297","2.078"
"LECO","A Coruna","La Coruna","Spain","43.302","-8.377"
"LEGR","Granada","Granada","Spain","37.189","-3.777"
"LEGE","Girona","Gerona","Spain","41.901","2.76"
"LEJR","Jerez","Jerez","Spain","36.744","-6.06"
"LEMG","Malaga","Malaga","Spain","36.674","-4.499"
"LEMH","Menorca","Menorca","Spain","39.863","4.219"
"LEPA","Palma De Mallorca","Palma De Mallorca","Spain","39.55","2.733"
"LEPP","Pamplona","Pamplona","Spain","42.77","-1.646"
"LEST","Santiago","Santiago","Spain","42.896","-8.415"
"LEVC","Valencia","Valencia","Spain","39.489","-0.481"
"LEVD","Valladolid","Valladolid","Spain","41.706","-4.852"
"LEVX","Vigo","Vigo","Spain","42.232","-8.627"
"LEXJ","Santander","Santander","Spain","43.427","-3.82"
"LEZG","Zaragoza Ab","Zaragoza","Spain","41.666","-1.041"
"LEZL","Sevilla","Sevilla","Spain","37.418","-5.893"
"LFBD","Merignac","Bordeaux","France","44.828","-0.716"
"LFBE","Roumaniere","Bergerac","France","44.825","0.519"
"LFBI","Biard","Poitiers","France","46.588","0.307"
"LFBL","Bellegarde","Limoges","France","45.863","1.179"
"LFBO","Blagnac","Toulouse","France","43.629","1.364"
"LFBP","Pau Pyrenees","Pau","France","43.38","-0.419"
"LFBR","Lherm","La Rochelle","France","43.449","1.263"
"LFBZ","Anglet","Biarritz Bayonne","France","43.468","-1.523"
"LFKB","Poretta","Bastia","Corse Isl.","42.554","9.483"
"LFKF","Sud Corse","Figari","Corse Isl.","41.501","9.098"
"LFLL","Saint Exupery","Lyon","France","45.726","5.091"
"LFLS","Saint Geoirs","Grenoble","France","45.363","5.329"
"LFMH","Boutheon","St. Etienne","France","45.54","4.296"
"LFMK","Salvaza","Carcassonne","France","43.216","2.306"
"LFML","Provence","Marseille","France","43.436","5.214"
"LFMN","Cote D Azur","Nice","France","43.661","7.218"
"LFMP","Rivesaltes","Perpignan","France","42.74","2.871"
"LFMU","Vias","Beziers","France","43.324","3.356"
"LFOB","Tille","Beauvais","France","49.454","2.113"
"LFOT","Val De Loire","Tours","France","47.432","0.728"
"LFPG","Charles De Gaulle","Paris","France","49.013","2.55"
"LFPO","Orly","Paris","France","48.725","2.359"
"LFQQ","Lesquin","Lille","France","50.562","3.089"
"LFRB","Guipavas","Brest","France","48.448","-4.418"
"LFRD","Pleurtuit","Dinard","France","48.588","-2.08"
"LFRS","Nantes Atlantique","Nantes","France","47.153","-1.611"
"LFTR","Toulon","Toulon","France","0.0","0.0"
"LFTW","Garons","Nimes","France","43.757","4.416"
"LFVP","St Pierre","St. Pierre","St. Pierre & Miquelon","46.763","-56.175"
"LGVO","Volos","Volos","Greece","0.0","0.0"
"LGHI","Chios","Chios","Greece","38.343","26.141"
"LGIR","Nikos Kazantzakis","Heraklion","Greece","35.339","25.18"
"LGKF","Kefallinia","Keffallinia","Greece","38.12","20.501"
"LGKL","Kalamata","Kalamata","Greece","37.068","22.026"
"LGKO","Kos","Kos","Greece","36.793","27.092"
"LGKP","Karpathos","Karpathos","Greece","35.421","27.146"
"LGKR","Ioannis Kapodistrias International","Kerkyra/corfu","Greece","39.602","19.912"
"LGKV","Megas Alexandros International","Kavala","Greece","40.913","24.619"
"LGMK","Mikonos","Mykonos","Greece","37.435","25.348"
"LGMT","Mitilini","Mytilini","Greece","39.057","26.598"
"LGPZ","Aktio","Preveza","Greece","38.925","20.765"
"LGRP","Diagoras","Rhodos","Greece","36.405","28.086"
"LGSA","Souda","Chania","Greece","35.532","24.149"
"LGSK","Skiathos","Skiathos","Greece","39.177","23.504"
"LGSM","Samos","Samos","Greece","37.69","26.912"
"LGSR","Santorini","Santorini","Greece","36.4","25.479"
"LGSY","Skyros","Skiros","Greece","38.968","24.487"
"LGTS","Makedonia","Thessaloniki","Greece","40.52","22.971"
"LGZA","Zakinthos Dionysios Solomos","Zakynthos","Greece","37.75","20.882"
"LHBP","Ferihegy","Budapest","Hungary","47.437","19.256"
"LHDC","Debrecen","Debrecen","Hungary","47.489","21.615"
"LIBR","Casale","Brindisi","Italy","40.657","17.947"
"LIBD","Palese Macchie","Bari","Italy","41.138","16.761"
"LIBP","Pescara","Pescara","Italy","42.431","14.181"
"LICA","Lamezia Terme","Lamezia","Italy","38.906","16.242"
"LICC","Catania Fontanarossa","Catania","Italy","37.467","15.066"
"LICP","Boccadifalco","Palermo","Italy","38.111","13.313"
"LICT","Trapani Birgi","Trapani","Italy","37.913","12.488"
"LIEA","Alghero","Alghero","Italy","40.632","8.291"
"LIEE","Elmas","Cagliari","Italy","39.251","9.054"
"LIEO","Olbia Costa Smeralda","Olbia","Italy","40.899","9.518"
"LIMC","Malpensa","Milano","Italy","45.631","8.728"
"LIME","Bergamo Orio Al Serio","Bergamo","Italy","45.674","9.704"
"LIMF","Torino","Torino","Italy","45.201","7.649"
"LIMJ","Genova Sestri","Genoa","Italy","44.412","8.842"
"LIML","Linate","Milan","Italy","45.445","9.277"
"LIMP","Parma","Parma","Italy","44.824","10.296"
"LIMZ","Levaldigi","Levaldigi","Italy","44.546","7.622"
"LIPE","Bologna","Bologna","Italy","44.534","11.29"
"LIPO","Montichiari","Montichiari","Italy","45.429","10.331"
"LIVT","Triest","Triest","Italy","0.0","0.0"
"LIPR","Rimini","Rimini","Italy","44.02","12.612"
"LIPX","Villafranca","Villafranca","Italy","45.396","10.888"
"LIPZ","Venezia Tessera","Venice","Italy","45.505","12.352"
"LIRA","Ciampino","Rome","Italy","41.799","12.595"
"LIRN","Capodichino","Naples","Italy","40.886","14.291"
"LIRP","Pisa","Pisa","Italy","43.684","10.393"
"LIRQ","Peretola","Firenze","Italy","43.81","11.205"
"LIRZ","Perugia","Perugia","Italy","43.096","12.513"
"LJLJ","Ljubljana","Ljubliana","Slovenia","46.224","14.457"
"LJPZ","Portoroz","Portoroz","Slovenia","45.473","13.615"
"LKMT","Mosnov","Ostrava","Czech Republic","49.696","18.111"
"LKPD","Pardubice","Pardubice","Czech Republic","50.013","15.739"
"LKTB","Turany","Turany","Czech Republic","49.151","16.694"
"LLBG","Ben Gurion","Tel Aviv","Israel","32.009","34.877"
"LMML","Luqa","Malta","Malta","35.857","14.478"
"LOWG","Graz Mil/civ","Graz","Austria","47.0","15.433"
"LOWI","Innsbruck","Innsbruck","Austria","47.26","11.344"
"LOWK","Klagenfurt(aus Afb)","Klagenfurt","Austria","46.65","14.333"
"LOWL","Horsching International Airport (aus Afb)","Linz","Austria","48.233","14.183"
"LOWS","Salzburg","Salzburg","Austria","47.793","13.004"
"LOWW","Schwechat","Vienna","Austria","48.11","16.57"
"LPFU","Funchal","Funchal","Madeira","0.0","0.0"
"LPPD","Ponta Delgada","Ponta Delgada","Acores","37.741","-25.698"
"LPPT","Lisboa","Lisbon","Portugal","38.781","-9.136"
"LRAR","Arad","Arad","Romania","46.176","21.262"
"LRBM","Tautii Magheraus","Baia Mare","Romania","47.658","23.47"
"LRBS","Baneasa","Bucharest","Romania","44.503","26.102"
"LRCK","Mihail Kogalniceanu","Constanta","Romania","44.362","28.488"
"LRIA","Iasi","Iasi","Romania","47.179","27.62"
"LRSM","Satu Mare","Satu Mare","Romania","47.703","22.886"
"LRSV","Salcea","Suceava","Romania","47.688","26.354"
"LRTR","Giarmata","Timisoara","Romania","45.81","21.338"
"LSZB","Bern Belp","Bern","Switzerland","46.914","7.497"
"LSZR","St Gallen Altenrhein","Altenrhein","Switzerland","47.485","9.561"
"LTAC","Esenboga","Ankara","Turkey","40.128","32.995"
"LTAG","Incirlik Ab","Adana","Turkey","37.002","35.426"
"LTAJ","Oguzeli","Gaziantep","Turkey","36.948","37.479"
"LTAU","Erkilet","Kayseri","Turkey","38.77","35.495"
"LTBS","Dalaman","Dalaman","Turkey","36.713","28.793"
"LTCC","Diyarbakir","Diyabakir","Turkey","37.894","40.201"
"LTCG","Trabzon","Trabzon","Turkey","40.995","39.79"
"UKII","Kishinev","Kishinev","Russia","0.0","0.0"
"LWOH","Ohrid","Ohrid","Former Macedonia","41.18","20.742"
"LXGB","Gibraltar","Gibraltar","Gibraltar","36.151","-5.349"
"LYBE","Beograd","Beograd","Yugoslavia","44.818","20.309"
"LYPG","Podgorica","Podgorica","Yugoslavia","42.359","19.252"
"LYPR","Pristina","Pristina","Yugoslavia","42.573","21.036"
"LZIB","M R Stefanik","Bratislava","Slovakia","48.17","17.212"
"LZPP","Piestany","Piestany","Slovakia","48.625","17.828"
"LZSL","Sliac","Sliac","Slovakia","48.638","19.134"
"MBPV","Providenciales","Providenciales","Turks & Caicos I.","21.774","-72.266"
"MDBH","Maria Montez International","Barahona","Dominican Republic","18.251","-71.12"
"MDPC","Punta Cana International","Punta Cana","Dominican Republic","18.567","-68.363"
"MDSD","Las Americas International","Santo Domingo","Dominican Republic","18.429","-69.669"
"MDST","Cibao International","Santiago","Dominican Republic","19.409","-70.616"
"MGFL","Flores","Flores","Guatemala","0.0","0.0"
"MHLC","Goloson International","La Ceiba","Honduras","15.742","-86.853"
"MHLM","La Mesa International","San Pedro Sula","Honduras","15.452","-87.923"
"MKJP","Norman Manley International","Kingston","Jamaica","17.936","-76.787"
"MKJS","Sangster International","Montego Bay","Jamaica","18.504","-77.913"
"MMAA","General Juan N Alvarez International","Acapulco","Mexico","16.757","-99.753"
"MMAS","Jesus Teran International","Aguascalientes","Mexico","21.705","-102.318"
"MMBT","Bahias De Huatulco International","Bahias Dehuatulco","Mexico","15.775","-96.261"
"MMCE","Ciudad Del Carmen International","Ciudad Del Carmen","Mexico","18.654","-91.799"
"MMCL","Culiacan International","Culiacan","Mexico","24.764","-107.474"
"MMCU","General R Fierro Villalobos International","Chihuahua","Mexico","28.703","-105.964"
"MMCZ","Cozumel International","Cozumel","Mexico","20.522","-86.926"
"MMDO","Durango International","Durango","Mexico","24.124","-104.528"
"MMGL","Don Miguel Y Hidalgo International","Guadalajara","Mexico","20.522","-103.311"
"MMHO","General Ignacio P Garcia International","Hermosillo","Mexico","29.096","-111.048"
"MMIO","Plan De Guadalupe International","Saltillo","Mexico","25.549","-100.929"
"MMLO","De Guanajuato International","Del Bajio","Mexico","20.993","-101.481"
"MMLT","Loreto International","Loreto","Mexico","25.989","-111.348"
"MMMD","Licenciado Manuel Crecencio Rejon International","Merida","Mexico","20.937","-89.657"
"MMMM","General Francisco J Mujica","Morelia","Mexico","19.85","-101.025"
"MMMX","Licenciado Benito Juarez International","Mexico City","Mexico","19.436","-99.072"
"MMMY","General Mariano Escobedo International","Monterrey","Mexico","25.778","-100.107"
"MMMZ","General Rafael Buelna International","Mazatlan","Mexico","23.161","-106.266"
"MMOX","Xoxocotlan International","Oaxaca","Mexico","17.0","-96.726"
"MMPB","Hermanos Serdan International","Puebla","Mexico","19.158","-98.371"
"MMPN","Licenciado Y Gen Ignacio Lopez Rayon","Uruapan","Mexico","19.397","-102.039"
"MMPR","Licenciado Gustavo Diaz Ordaz International","Puerto Vallarta","Mexico","20.68","-105.254"
"MMQT","Ingeniero F Espinoza Gutierrez International","Queretaro","Mexico","20.624","-100.369"
"MMRX","General Lucio Blanco International","Reynosa","Mexico","26.009","-98.228"
"MMSD","Los Cabos International","San Jose Del Cabo","Mexico","23.152","-109.721"
"MMSP","Ponciano Arriaga International","San Luis Potosi","Mexico","22.254","-100.931"
"MMTC","Torreon International","Torreon","Mexico","25.568","-103.411"
"MMTG","Francisco Sarabia","Tuxtla Gutierrez","Mexico","16.769","-93.341"
"MMTJ","General Abelardo L Rodriguez International","Tijuana","Mexico","32.541","-116.97"
"MMTM","General Francisco Javier Mina International","Tampico","Mexico","22.296","-97.866"
"MMTO","Licenciado Adolfo Lopez Mateos International","Toluca","Mexico","19.337","-99.566"
"MMUN","Cancun International","Cancun","Mexico","21.036","-86.877"
"MMVA","C P A Carlos Rovirosa International","Villahermosa","Mexico","17.997","-92.817"
"MMVR","General Heriberto Jara International","Vera Cruz","Mexico","19.145","-96.187"
"MMZC","General Leobardo C Ruiz International","Zacatecas","Mexico","22.897","-102.687"
"MMZH","Ixtapa Zihuatanejo International","Zihuatanejo","Mexico","17.601","-101.46"
"MMZO","Playa De Oro International","Manzanillo","Mexico","19.145","-104.559"
"MNMG","Managua International","Managua","Nicaragua","12.141","-86.168"
"MPBO","Bocas Del Toro","Bocas Del Toro","Panama","9.341","-82.251"
"MPTO","Tocumen International","Panama City","Panama","9.071","-79.383"
"MRLB","Daniel Oduber Quiros International","Liberia","Costa Rica","10.593","-85.544"
"MSLP","El Salvador International","San Salvador","El Salvador","13.441","-89.056"
"MTCH","Cap Haitien","Cap Haitien","Haiti","19.732","-72.195"
"MUCL","Vilo Acuna","Cayo","Cuba","21.616","-81.546"
"MUCM","Ignacio Agramonte International","Camaguey","Cuba","21.42","-77.847"
"MUCU","Antonio Maceo International","Santiago De Cuba","Cuba","19.97","-75.836"
"MUHA","Jose Marti International","Havana","Cuba","22.989","-82.409"
"MUHG","Frank Pais","Holguin","Cuba","20.786","-76.315"
"MUVR","Juan Gualberto Gomez International","Varadero","Cuba","23.034","-81.435"
"MWCB","Gerrard Smith International","Cayman Barac","Cayman Islands","19.687","-79.883"
"MYBC","Chub Cay","Chub Cay","Bahamas","25.417","-77.881"
"MYGF","Grand Bahama International","Freeport","Bahamas","26.559","-78.695"
"MYNN","Nassau International","Nassau","Bahamas","25.039","-77.466"
"MZBZ","Philip S W Goldson International","Belize City","Belize","17.539","-88.308"
"NCRG","Rarotonga International","Avarua","Cook Islands","-21.203","-159.806"
"NFFN","Nadi International","Nandi","Fiji","-17.754","177.443"
"NFTF","Fua Amotu International","Tongatapu","Tonga","-21.241","-175.15"
"NGFU","Funafuti International Airport","Funafuti","Tuvalu Island","-8.517","179.217"
"NLWF","Futuna","Futuna","Wallis & Futuna","0.0","0.0"
"NSFA","Faleolo International","Faleolo","Samoa","-13.83","-172.008"
"NSTU","Pago Pago International","Pago Pago","Samoa","-14.331","-170.71"
"NWWW","La Tontouta","Noumea","New Caledonia","-22.014","166.213"
"NZAA","Auckland International","Auckland","New Zealand","-37.008","174.792"
"NZCH","Christchurch International","Christchurch","New Zealand","-43.489","172.532"
"NZQN","Queenstown","Queenstown International","New Zealand","-45.021","168.739"
"NZWN","Wellington International","Wellington","New Zealand","-41.327","174.805"
"OAKB","Kabul International","Kabul","Afghanistan","34.566","69.212"
"OAKN","Kandahar","Kandahar","Afghanistan","31.506","65.848"
"OBBI","Bahrain International","Bahrain","Bahrain","26.271","50.634"
"ODAA","Aden","Aden","Yemen","0.0","0.0"
"OEAB","Abha","Abha","Saudi Arabia","18.24","42.656"
"OEDF","King Fahd International","Dammam","Saudi Arabia","26.471","49.798"
"OEJN","King Abdulaziz International","Jeddah","Saudi Arabia","21.679","39.156"
"OEMA","Prince Mohammad Bin Abdulaziz","Madinah","Saudi Arabia","24.553","39.705"
"OERK","King Khaled International","Riyadh","Saudi Arabia","24.957","46.699"
"OETF","Taif","Taif","Saudi Arabia","21.483","40.544"
"OIAA","Abadan","Abadan","Iran","30.365","48.233"
"OIBK","Kish Island","Kish Island","Iran","26.527","53.982"
"OIGG","Rasht","Rasht","Iran","37.325","49.606"
"OIKK","Kerman","Kerman","Iran","30.261","56.957"
"OIMB","Birjand","Birjand","Iran","32.896","59.276"
"OIRT","Uromiyeh","Uromiyeh","Iran","0.0","0.0"
"OISS","Shiraz Shahid Dastghaib International","Shiraz","Iran","29.539","52.589"
"OIZH","Zahedan International","Zahedan","Iran","29.476","60.906"
"OJAQ","Aqaba International","Aqaba","Jordan","29.611","35.018"
"OKBK","Kuwait International","Kuwait","Kuwait","29.227","47.98"
"OLBA","Beirut International","Beirut","Lebanon","33.813","35.489"
"OMAA","Abu Dhabi International","Abu Dhabi","United Arab Emirates","24.433","54.651"
"OMRK","Ras Al Khaimah International","Ras Al Khaimah","United Arab Emirates","25.613","55.939"
"OOMS","Seeb International","Muscat","Oman","23.593","58.284"
"OPGD","Gwadar","Gwadar","Pakistan","25.233","62.329"
"OPKC","Jinnah International","Karachi","Pakistan","24.906","67.161"
"OPMT","Multan International","Multan","Pakistan","30.203","71.419"
"OPQT","Quetta","Quetta","Pakistan","30.251","66.938"
"ORMM","Basrah International","Basrah","Iraq","30.549","47.662"
"OSAP","Aleppo International","Aleppo","Syria","36.181","37.224"
"OSLK","Bassel Al Assad International","Latakia","Syria","35.401","35.949"
"OTBD","Doha International","Doha","Qatar","25.261","51.565"
"PAFA","Fairbanks International","Fairbanks","Usa","64.815","-147.856"
"PANC","Ted Stevens Anchorage International","Anchorage","Usa","61.174","-149.996"
"PGRO","Rota International","Rota","Mariana Islands","14.174","145.243"
"PGUM","Guam International","Agana","Mariana Islands","13.484","144.797"
"PKWA","Bucholz Aaf","Kwajalein","Marshall Islands","8.72","167.731"
"PLCH","Christmas Island","Kiritimati","Kiribati","1.986","-157.35"
"PTKK","Chuuk International","Chuuk","Micronesia","7.462","151.843"
"PTPN","Pohnpei International","Pohnpei","Micronesia","6.985","158.209"
"PTRO","Babelthuap","Babelthuap","Palau Island","7.367","134.544"
"RCSS","Sungshan","Taipei","Taiwan","25.069","121.552"
"RCYU","Hualien","Hualien","Taiwan","24.023","121.618"
"RJFF","Fukuoka","Fukuoka","Japan","33.586","130.45"
"RJFK","Kagoshima","Kagoshima","Japan","31.803","130.719"
"RJFO","Oita","Oita","Japan","33.479","131.737"
"RJFU","Nagasaki","Nagasaki","Japan","32.922","129.923"
"RJNN","Nagoya","Nagoya","Japan","35.255","136.924"
"RJOA","Hiroshima","Hiroshima","Japan","34.435","132.922"
"RJSK","Akita","Akita","Japan","39.616","140.219"
"RJSS","Sendai","Sendai","Japan","38.139","140.917"
"RJTT","Tokyo International","Tokyo","Japan","35.552","139.779"
"RKND","Sokcho","Sokch'o","Korea","38.148","128.601"
"RKPC","Jeju International","Cheju","Korea","33.511","126.493"
"RKPK","Gimhae International","Kimhae","Korea","35.179","128.938"
"RPMC","Cotabato","Cebu","Philippines","7.165","124.21"
"RPVI","Iloilo","Iloilo","Philippines","10.713","122.545"
"RPWD","Davao","Davao","Philippines","0.0","0.0"
"SABA","Buenos Aires","Buenos Aires","Argentina","0.0","0.0"
"SABE","Aeroparque Jorge Newbery","Buenos Aires","Argentina","-34.559","-58.416"
"SACO","Ambrosio L V Taravella","Cordoba","Argentina","-31.324","-64.208"
"SAME","El Plumerillo","Mendoza","Argentina","-32.832","-68.793"
"SARE","Resistencia","Resistencia","Argentina","-27.45","-59.056"
"SARI","Cataratas Del Iguazu","Iguazu Falls","Argentina","-25.738","-54.473"
"SAWH","Ushuaia Malvinas Argentinas","Ushuaia","Argentina","-54.843","-68.296"
"SAZS","San Carlos De Bariloche","San Carlos De Bariloch","Argentina","-41.151","-71.157"
"SBAR","Santa Maria","Aracaju","Brazil","-10.984","-37.07"
"SBBE","Val De Caes","Belem","Brazil","-1.379","-48.476"
"SBBR","Presidente Juscelino Kubitschek","Brasilia","Brazil","-15.862","-47.913"
"SBBV","Boa Vista","Boa Vista","Brazil","2.846","-60.69"
"SBCF","Tancredo Neves","Belo Horizonte","Brazil","-19.634","-43.969"
"SBCG","Campo Grande","Campo Grande","Brazil","-20.469","-54.672"
"SBCT","Afonso Pena","Curitiba","Brazil","-25.528","-49.176"
"SBCY","Marechal Rondon","Cuiaba","Brazil","-15.653","-56.117"
"SBEG","Eduardo Gomes International","Manaus","Brazil","-3.039","-60.05"
"SBSI","Iguassu Falls","Iguassu Falls","Brazil","0.0","0.0"
"SBFL","Hercilio Luz","Florianopolis","Brazil","-27.672","-48.548"
"SBFZ","Pinto Martins International","Fortaleza","Brazil","-3.776","-38.532"
"SBGL","Galeao Antonio Carlos Jobim","Rio De Janeiro","Brazil","-22.809","-43.244"
"SBGO","Santa Genoveva","Goiania","Brazil","-16.631","-49.222"
"SBGR","Guarulhos","Sao Paulo","Brazil","-23.432","-46.469"
"SBJP","Intl. Pres. Castro Pinto","Joao Pessoa","Brazil","-7.27","-35.896"
"SBKP","Viracopos","Campinas","Brazil","-23.008","-47.134"
"SBMO","Zumbi Dos Palmares","Maceio","Brazil","-9.51","-35.793"
"SBNT","Augusto Severo","Natal","Brazil","-5.911","-35.248"
"SBPA","Salgado Filho","Porto Alegre","Brazil","-29.994","-51.171"
"SBPL","Petrolina","Petrolina","Brazil","-9.364","-40.564"
"SBPV","Governador Jorge Teixeira De Oliveira","Porto Velho","Brazil","-8.709","-63.902"
"SBRB","Presidente Medici","Rio Branco","Brazil","-9.869","-67.894"
"SBRF","Guararapes","Recife","Brazil","-8.126","-34.923"
"SBRJ","Santos Dumont","Rio De Janeiro","Brazil","-22.91","-43.163"
"SBSL","Marechal Cunha Machado","Sao Luis","Brazil","-2.589","-44.236"
"SBSP","Congonhas","Sao Paulo","Brazil","-23.627","-46.655"
"SBSV","Deputado Luis Eduardo Magalhaes","Salvador","Brazil","-12.911","-38.331"
"SBTE","Senador Petronio Portella","Teresina","Brazil","-5.06","-42.823"
"SBUL","Uberlandia","Uberlandia","Brazil","-18.883","-48.226"
"SBVT","Goiabeiras","Vitoria","Brazil","-20.256","-40.289"
"SCEL","Arturo Merino Benitez International","Santiago","Chile","-33.393","-70.786"
"SCFA","Cerro Moreno International","Antofagasta","Chile","-23.444","-70.445"
"SCIP","Mataveri International","Easter Island","Chile","-27.165","-109.422"
"SCTE","El Tepual International","Puerto Montt","Chile","-41.439","-73.094"
"SECU","Mariscal Lamar","Cuenca","Ecuador","-2.889","-78.984"
"SEGU","Simon Bolivar International","Guayaquil","Ecuador","-2.158","-79.884"
"SEMT","Eloy Alfaro International","Manta","Ecuador","-0.946","-80.678"
"SETU","El Rosal Teniente Mantilla","Tulcan","Ecuador","0.809","-77.708"
"SGAS","Silvio Pettirossi International","Asuncion","Paraguay","-25.24","-57.519"
"SKAR","El Eden","Armenia","Colombia","4.454","-75.765"
"SKBG","Palonegro","Bucaramanga","Colombia","7.126","-73.185"
"SKBO","Eldorado International","Bogota","Colombia","4.701","-74.147"
"SKBQ","Ernesto Cortissoz","Barranquilla","Colombia","10.889","-74.781"
"SKBU","Gerardo Tobar Lopez","Buenaventura","Colombia","3.819","-76.99"
"SKCC","Camilo Daza","Cucuta","Colombia","7.928","-72.511"
"SKCG","Rafael Nunez","Cartagena","Colombia","10.442","-75.513"
"SKCL","Alfonso Bonilla Aragon International","Cali","Colombia","3.543","-76.381"
"SKCO","La Florida","Tumaco","Colombia","1.814","-78.749"
"SKCZ","Las Brujas","Corozal","Colombia","9.332","-75.286"
"SKFL","Gustavo Artunduaga Paredes","Florencia","Colombia","1.59","-75.564"
"SKIB","Perales","Ibague","Colombia","4.421","-75.133"
"SKIP","San Luis","Ipiales","Colombia","0.862","-77.672"
"SKLT","Alfredo Vasquez Cobo","Leticia","Colombia","-4.193","-69.943"
"SKMR","Los Garzones","Monteria","Colombia","8.824","-75.826"
"SKMU","Fabio Alberto Leon Bentley","Mitu","Colombia","1.254","-70.234"
"SKMZ","La Nubia","Manizales","Colombia","5.03","-75.465"
"SKNV","Benito Salas","Neiva","Colombia","2.95","-75.294"
"SKPE","Matecana","Pereira","Colombia","4.813","-75.739"
"SKPP","Guillermo Leon Valencia","Popayan","Colombia","2.454","-76.61"
"SKPS","Antonio Narino","Pasto","Colombia","1.396","-77.291"
"SKPV","El Embrujo","Providencia","Colombia","13.357","-81.358"
"SKRG","Jose Maria Cordova","Rio Negro","Colombia","6.164","-75.423"
"SKRH","Almirante Padilla","Rio Hacha","Colombia","11.526","-72.926"
"SKSM","Simon Bolivar","Santa Marta","Colombia","11.119","-74.231"
"SKSP","Gustavo Rojas Pinilla","San Andres Island","Colombia","12.583","-81.711"
"SKUI","El Carano","Quibdo","Colombia","5.691","-76.641"
"SKVP","Alfonso Lopez Pumarejo","Valledupar","Colombia","10.435","-73.249"
"SKVV","Vanguardia","Villavicencio","Colombia","4.168","-73.614"
"SLCB","Jorge Wilsterman","Cochabamba","Bolivia","-17.421","-66.177"
"SLLP","El Alto International","La Paz","Bolivia","-16.513","-68.192"
"SLVR","Viru Viru International","Santa Cruz","Bolivia","-17.645","-63.135"
"SMJP","Johan A Pengel International","Zandery","Surinam","5.453","-55.188"
"SOCA","Rochambeau","Cayenne","French Guyana","4.82","-52.36"
"SPIM","Jorge Chavez International","Lima","Peru","-12.022","-77.114"
"SPQU","Rodriguez Ballon","Arequipa","Peru","-16.341","-71.583"
"SUMU","Carrasco International","Montevideo","Uruguay","-34.838","-56.03"
"SURV","Rivera International","Rivera","Uruguay","-30.974","-55.476"
"SVMI","Simon Bolivar International","Caracas","Venezuela","10.603","-66.991"
"SVVA","Arturo Michelena International","Valencia","Venezuela","10.158","-67.927"
"SYGT","Georgetown","Georgetown","Guyana","0.0","0.0"
"TAPA","V C Bird International","Antigua","Leeward Islands","17.137","-61.792"
"TBPB","Grantley Adams International","Bridgetown","Barbados","13.074","-59.492"
"TDPD","Melville Hall","Dominica","Dominica","15.547","-61.3"
"TFFF","Le Lamentin","Fort De France","Antilles","14.591","-61.003"
"TFFJ","Gustavia/st.barthel","St. Barthelemy","Antilles","17.9","-62.85"
"TFFR","Le Raizet","Pointe A Pitre","Antilles","16.265","-61.532"
"TGPY","Point Salines International","Point Salines","Grenada","12.004","-61.786"
"TIST","Cyril E King","St. Thomas","Virgin Isl.","18.337","-64.973"
"TISX","Henry E Rohlsen","St. Criox Island","Virgin Isl.","17.702","-64.798"
"TJBQ","Rafael Hernandez","Aguadilla","Puerto Rico","18.495","-67.129"
"TJSJ","Luis Munoz Marin International","San Juan","Puerto Rico","18.439","-66.002"
"TKPK","Robert L Bradshaw","Basse Terre","St. Kitts & Nevis","17.311","-62.719"
"TLPL","Hewanorra International","Hewandorra","St. Lucia Island","13.733","-60.953"
"TNCA","Reina Beatrix International","Oranjestad","Aruba","12.501","-70.015"
"TNCB","Flamingo","Kralendijk","Antilles","12.131","-68.268"
"TNCC","Hato","Willemstad","Antilles","12.189","-68.96"
"TNCE","F D Roosevelt","Oranjestad","Antilles","17.496","-62.979"
"TNCM","Princess Juliana International","Philipsburg","Antilles","18.041","-63.109"
"TQPF","Wallblake","The Valley","Anguilla Isl.","18.205","-63.055"
"TRPM","Santee Cooper Rgnl","Plymouth","Montserrat Island","33.587","-80.209"
"TTCP","Crown Point","Scarborough","Trinidad & Tobago","11.149","-60.832"
"TTPS","Port Of Spain","Port Of Spain","Trinidad & Tobago","0.0","0.0"
"TUPJ","Terrance B Lettsome International","Roadtown/beef Island","Virgin Isl.","18.445","-64.543"
"TVSC","Canouan","Canouan Island","St.vincent/grenadines","12.699","-61.342"
"TVSV","E T Joshua","Kingstown","St.vincent/grenadines","13.144","-61.211"
"UAAA","Almaty","Alma Ata","Kazakhstan","43.352","77.04"
"UACC","Astana","Tselinograd","Russia","51.022","71.467"
"UAFM","Manas","Bishkek","Russia","43.062","74.478"
"UAFO","Osh","Osh","Russia","40.609","72.793"
"UAII","Shymkent","Chimkent","Russia","42.364","69.479"
"UEEE","Yakutsk","Yakutsk","Russia","62.093","129.771"
"UGEE","Zvartnots","Yerevan","Russia","40.148","44.397"
"UGSS","Sukhumi Dranda","Sukhumi","Georgia","42.858","41.128"
"UHBB","Ignatyevo","Blagoveschensk","Russia","50.422","127.41"
"UHHH","Novy","Khabarovsk","Russia","48.528","135.188"
"UHMD","Provideniya Bay","Provideniya Bay","Russia","64.38","-173.247"
"UHPP","Yelizovo","Petropavlovsk","Russia","53.166","158.453"
"UHSS","Khomutovo","Yuzhno Sakhalinsk","Russia","46.889","142.717"
"UHWW","Knevichi","Vladivostok","Russia","43.399","132.151"
"UIBB","Bratsk","Bratsk","Russia","56.371","101.699"
"UIII","Irkutsk","Irkutsk","Russia","52.267","104.395"
"UIUU","Mukhino","Ulan Ude","Russia","51.807","107.438"
"UKBB","Boryspil","Kiev","Russia","50.345","30.895"
"UKDD","Dnipropetrovsk","Dnepropetrovsk","Russia","48.357","35.102"
"UKKK","Zhuliany","Kiev","Russia","50.402","30.452"
"ULLI","Pulkovo","St. Petersburg","Russia","59.8","30.265"
"ULMM","Murmansk","Murmansk","Russia","68.782","32.751"
"UMKK","Khrabrovo","Kaliningrad","Russia","54.89","20.592"
"UMMS","Minsk 2","Minsk 2","Russia","53.882","28.031"
"UMRR","Riga","Riga","Russia","0.0","0.0"
"UNAA","Abakan","Abakan","Russia","53.74","91.385"
"UNBB","Barnaul","Barnaul","Russia","53.364","83.542"
"UNKK","Krasnoyarsk","Krasnoyarsk","Russia","0.0","0.0"
"UNNN","Novosibirsk","Novosibirsk","Russia","0.0","0.0"
"UNOO","Tsentralny","Omsk","Russia","54.967","73.31"
"UNWW","Novokuznetsk","Novokuznetsk","Russia","0.0","0.0"
"URML","Uytash","Makhachkala","Russia","42.817","47.652"
"URMM","Mineralnyye Vody","Mineralnye Vody","Russia","44.225","43.082"
"URMT","Shpakovskoye","Stavropol","Russia","45.109","42.113"
"URRR","Rostov Na Donu","Rostov","Russia","47.258","39.818"
"URSS","Sochi","Sochi","Russia","43.446","39.947"
"URWA","Astrakhan","Astrakhan","Russia","46.283","48.006"
"URWW","Gumrak","Volgograd","Russia","48.782","44.345"
"USCC","Balandino","Chelyabinsk","Russia","55.303","61.507"
"USCM","Magnitogorsk","Magnetiogorsk","Russia","53.393","58.76"
"USNN","Nizhnevartovsk","Nizhnevartovsk","Russia","60.95","76.467"
"USPP","Bolshoye Savino","Perm","Russia","57.917","56.026"
"USRR","Surgut","Surgut","Russia","61.25","73.5"
"USSS","Koltsovo","Sverdlovsk","Russia","56.741","60.804"
"UTAA","Ashgabat","Ashkhabad","Russia","37.992","58.363"
"UTNN","Nukus","Nukus","Russia","42.486","59.623"
"UTTT","Yuzhny","Tashkent","Uzbekistan","41.257","69.282"
"UUBP","Bryansk","Bryansk","Russia","53.214","34.176"
"UUEE","Sheremetyevo","Moscow","Russia","55.972","37.415"
"UUOO","Chertovitskoye","Voronezh","Russia","51.814","39.23"
"UUWW","Vnukovo","Moscow","Russia","55.591","37.261"
"UUYY","Syktyvkar","Syktyvkar","Russia","61.648","50.846"
"UWKD","Kazan","Kazan","Russia","55.608","49.277"
"UWOO","Orenburg","Orenburg","Russia","51.796","55.457"
"UWUU","Ufa","Ufa","Russia","54.557","55.874"
"VABB","Chhatrapati Shivaji International","Bombay","India","19.089","72.868"
"VAGO","Goa","Goa","India","15.381","73.833"
"VAPO","Pune","Pune","India","18.582","73.919"
"VCBI","Bandaranaike International","Colombo","Sri Lanka","7.181","79.884"
"VCCC","Colombo Ratmalana","Colombo","Sri Lanka","6.822","79.886"
"VDPP","Pochentong International","Phnom Penh","Cambodia","11.546","104.844"
"VEAT","Agartala","Agartala","India","23.889","91.241"
"VEBS","Bhubaneshwar","Bhubaneswar","India","20.244","85.818"
"VECC","Netaji Subhash Chandra Bose International","Calcutta","India","22.655","88.447"
"VEIM","Imphal","Imphal","India","24.76","93.897"
"VEVZ","Vishakhapatnam","Vishakhapatnam","India","0.0","0.0"
"VGEG","Shah Amanat International","Chittagong","Bangladesh","22.249","91.813"
"VGSY","Osmany International","Sylhet Osmani","Bangladesh","24.963","91.867"
"VHHH","Hong Kong International","Hong Kong","Hong Kong","22.309","113.914"
"VIAR","Amritsar","Amritsar","India","31.707","74.799"
"VIJP","Jaipur","Jaipur","India","26.824","75.81"
"VILK","Lucknow","Lucknow","India","26.761","80.886"
"VISR","Srinagar","Srinagar","India","33.987","74.774"
"VLLB","Luang Prabang","Luang Prabang","Laos","19.897","102.161"
"VLSK","Savannakhet","Savannakhet","Laos","16.556","104.759"
"VMMC","Macau International","Macau","Macau","22.149","113.591"
"VNKT","Tribhuvan International","Kathmandu","Nepal","27.696","85.359"
"VOBG","Bangalore","Bangalore","India","12.95","77.668"
"VOBZ","Vijayawada","Vijayawada","India","16.53","80.797"
"VOCB","Coimbatore","Coimbatore","India","11.031","77.044"
"VOMM","Chennai International","Madras","India","12.994","80.18"
"VOTR","Tiruchirappalli","Tiruchchirappalli","India","10.765","78.709"
"VQPR","Paro","Paro","Bhutan","27.403","89.426"
"VRMM","Male International","Male","Maldives","4.192","73.529"
"VTBD","Bangkok International","Bangkok","Thailand","13.912","100.607"
"VTBU","U Taphao International","Rayong","Thailand","12.68","101.005"
"VTUD","Udon Thani","Udon Thani","Thailand","17.386","102.788"
"VVDN","Danang International","Danang","Viet Nam","16.044","108.199"
"VVTS","Tansonnhat International","Ho Chi Minh City","Viet Nam","10.82","106.662"
"VYMD","Mandalay International","Mandalay","Myanmar","21.702","95.978"
"WABB","Frans Kaisiepo","Biak","Indonesia","-1.19","136.108"
"WAMM","Sam Ratulangi","Manado","Indonesia","1.549","124.926"
"WBGG","Kuching International","Kuching","Malaysia","1.485","110.346"
"WBKK","Kota Kinabalu International","Kota Kinabalu","Malaysia","5.937","116.051"
"WBSB","Brunei International","Brunei","Brunei","4.946","114.928"
"WIIH","Halim Perdanakusuma International","Jakarta","Indonesia","-6.266","106.891"
"WIOO","Supadio","Pontianak","Indonesia","-0.151","109.404"
"WIPP","Sultan Mahmud Badaruddin Ii","Palembang","Indonesia","-2.898","104.701"
"WMKA","Sultan Abdul Halim","Alor Setar","Malaysia","6.194","100.403"
"WMKJ","Sultan Ismail","Johor Bahru","Malaysia","1.641","103.669"
"WMKN","Sultan Mahmud","Kuala Terengganu","Malaysia","5.382","103.103"
"WMKP","Penang International","Penang","Malaysia","5.297","100.277"
"WPDL","Comoro (komoro) Airport","Dili","East Timor","0.0","0.0"
"WRKK","El Tari","Kupang","Indonesia","-10.171","123.671"
"WRLL","Sepinggan","Balikpapan","Indonesia","-1.268","116.894"
"WRLR","Juwata","Taraken","Indonesia","3.326","117.566"
"WRSQ","Adi Sumarmo Wiryokusumo","Solo City","Indonesia","-7.516","110.757"
"WSSS","Singapore Changi","Singapore","Singapore","1.356","103.987"
"YBBN","Brisbane International","Brisbane","Australia","-27.384","153.118"
"YBMC","Maroochydore Sunshine Coast","Maroochydore","Australia","-26.603","153.091"
"YBTL","Townsville","Townsville","Australia","-19.253","146.765"
"YGGH","Honiara","Honiara","Solomon Islands","0.0","0.0"
"YMAV","Avalon","Avalon","Australia","-38.039","144.469"
"YMHB","Hobart","Hobart","Australia","-42.836","147.51"
"YMML","Melbourne International","Melbourne","Australia","-37.673","144.843"
"YNAU","Nauru Island","Nauru Island","Nauru","0.0","0.0"
"YPAD","Adelaide International","Adelaide","Australia","-34.945","138.531"
"YPBR","Broome","Broome","Australia","0.0","0.0"
"YPPD","Port Hedland International","Port Hedland","Australia","-20.378","118.626"
"YPPH","Perth International","Perth","Australia","-31.94","115.967"
"YSCB","Canberra","Canberra","Australia","-35.308","149.194"
"YSNF","Norfolk Island International","Norfolk Island","Australia","-29.041","167.939"
"YSSY","Kingsford Smith International Airport","Sydney","Australia","-33.946","151.177"
"ZBAA","Capital","Beijing","China","40.08","116.584"
"ZBLA","Dongshan","Hailar","China","49.205","119.825"
"ZBOW","Baotou","Baotou","China","0.0","0.0"
"ZBTJ","Binhai","Tianjin","China","39.124","117.346"
"ZGHK","Haikou","Haikou","China","0.0","0.0"
"ZGKL","Liangjiang","Guilin","China","25.218","110.039"
"ZGNU","Zhanjiang","Zhanjiang","China","0.0","0.0"
"ZGOW","Wai Sha Airport","Shantou","China","23.4","116.683"
"ZHWT","Wuhan","Wuhan","China","0.0","0.0"
"ZHLY","Luoyang","Luoyang","China","0.0","0.0"
"ZKPY","Pyongyang / Sunan (capital) Airport","Pyongyang","Korea","39.033","125.783"
"ZLIC","Yinchuan","Yinchuan","China","0.0","0.0"
"ZLXY","Xianyang","Xi'an","China","34.446","108.752"
"ZPPP","Wujiaba","Kunming","China","24.992","102.743"
"ZSCG","Changzhou","Changzhou","China","0.0","0.0"
"ZSGZ","Ganzhou","Ganzhou","China","0.0","0.0"
"ZSNJ","Lu Kou Airport","Nanjing","China","31.74","118.86"
"ZSSS","Hongqiao International","Shanghai","China","31.198","121.336"
"ZSYT","Laishan","Yantai","China","37.402","121.372"
"ZULS","Lhasa Airport","Lhasa","China","0.0","0.0"
"ZWWW","Diwopu","Urumqi","China","43.907","87.474"
"ZYHB","Taiping","Harbin","China","45.623","126.25"
"ZYRD","Changchun","Changchun","China","0.0","0.0"
"ZYTL","Zhoushuizi","Dalian","China","38.966","121.538"
